{"stats":{"minecraft:killed":{"minecraft:cave_spider":9,"minecraft:spider":3,"minecraft:skeleton":14,"minecraft:chicken":7,"minecraft:pig":15,"minecraft:creeper":6,"minecraft:sheep":11,"minecraft:pillager":11,"minecraft:zombie":15,"minecraft:cow":9,"minecraft:vindicator":2,"minecraft:phantom":3,"minecraft:llama":1},"minecraft:used":{"minecraft:peony":2,"minecraft:iron_shovel":664,"minecraft:oak_sign":2,"minecraft:chest":22,"minecraft:stone":42,"minecraft:iron_sword":258,"minecraft:bell":2,"minecraft:mutton":3,"minecraft:carrot":856,"minecraft:azure_bluet":1,"minecraft:obsidian":10,"minecraft:lava_bucket":1,"minecraft:bow":4,"minecraft:furnace":8,"minecraft:oak_sapling":117,"minecraft:diorite":46,"minecraft:powered_rail":53,"minecraft:stone_pickaxe":171,"minecraft:oak_planks":313,"minecraft:wooden_pickaxe":34,"minecraft:composter":4,"minecraft:sugar_cane":2,"minecraft:oak_leaves":55,"minecraft:white_wool":5,"minecraft:blast_furnace":3,"minecraft:crossbow":3,"minecraft:redstone_torch":18,"minecraft:oak_pressure_plate":5,"minecraft:gravel":14,"minecraft:lilac":1,"minecraft:wooden_sword":115,"minecraft:andesite":8,"minecraft:bone_meal":13,"minecraft:oak_fence":183,"minecraft:enchanting_table":1,"minecraft:stone_sword":93,"minecraft:flint_and_steel":5,"minecraft:netherrack":14,"minecraft:oak_door":1,"minecraft:torch":127,"minecraft:dirt":499,"minecraft:white_carpet":2,"minecraft:cobblestone_wall":49,"minecraft:granite":43,"minecraft:oak_fence_gate":12,"minecraft:iron_hoe":294,"minecraft:bookshelf":1,"minecraft:iron_axe":1118,"minecraft:beef":5,"minecraft:minecart":5,"minecraft:cooked_beef":15,"minecraft:wheat_seeds":116,"minecraft:water_bucket":43,"minecraft:cobblestone_stairs":89,"minecraft:stonecutter":2,"minecraft:cobblestone_slab":97,"minecraft:gold_ore":1,"minecraft:mossy_cobblestone":2,"minecraft:rail":224,"minecraft:tnt":7,"minecraft:oak_slab":503,"minecraft:crafting_table":13,"minecraft:white_bed":5,"minecraft:painting":15,"minecraft:smoker":2,"minecraft:oak_log":136,"minecraft:diamond_pickaxe":1358,"minecraft:cornflower":2,"minecraft:apple":3,"minecraft:sunflower":5,"minecraft:chicken":1,"minecraft:oak_button":3,"minecraft:iron_pickaxe":1479,"minecraft:stone_axe":97,"minecraft:cobblestone":573,"minecraft:cooked_porkchop":17,"minecraft:white_banner":7,"minecraft:porkchop":10,"minecraft:bucket":55,"minecraft:glass_pane":27,"minecraft:stripped_oak_log":1,"minecraft:dandelion":1,"minecraft:smooth_stone":23},"minecraft:dropped":{"minecraft:iron_sword":1,"minecraft:oak_log":24,"minecraft:diamond":32,"minecraft:cooked_porkchop":6,"minecraft:leather":9,"minecraft:rail":33,"minecraft:dirt":16,"minecraft:grass":1,"minecraft:wooden_sword":1,"minecraft:iron_pickaxe":1,"minecraft:gravel":88,"minecraft:stone_axe":1,"minecraft:wheat":5,"minecraft:rotten_flesh":7,"minecraft:oak_planks":73,"minecraft:carrot":15,"minecraft:gunpowder":3,"minecraft:beetroot_seeds":9,"minecraft:iron_ore":64,"minecraft:arrow":2,"minecraft:quartz":1,"minecraft:iron_ingot":64,"minecraft:wheat_seeds":17,"minecraft:minecart":1,"minecraft:feather":4,"minecraft:cobblestone":465,"minecraft:granite":22,"minecraft:coal":1,"minecraft:stick":10,"minecraft:oxeye_daisy":1,"minecraft:diorite":65,"minecraft:white_banner":1,"minecraft:string":3,"minecraft:dandelion":3,"minecraft:stone_sword":2,"minecraft:cobblestone_wall":2,"minecraft:composter":1,"minecraft:chicken":6,"minecraft:white_carpet":4,"minecraft:andesite":44,"minecraft:stone_pickaxe":1,"minecraft:wooden_pickaxe":1},"minecraft:broken":{"minecraft:iron_shovel":2,"minecraft:stone_pickaxe":1,"minecraft:iron_hoe":1,"minecraft:wooden_pickaxe":1,"minecraft:iron_axe":2,"minecraft:iron_pickaxe":5},"minecraft:mined":{"minecraft:white_bed":6,"minecraft:oak_sapling":33,"minecraft:farmland":54,"minecraft:cobblestone_stairs":3,"minecraft:obsidian":17,"minecraft:granite":123,"minecraft:grass_block":342,"minecraft:oak_pressure_plate":2,"minecraft:composter":5,"minecraft:oxeye_daisy":1,"minecraft:smooth_stone":20,"minecraft:iron_ore":235,"minecraft:azure_bluet":1,"minecraft:white_banner":1,"minecraft:smoker":2,"minecraft:torch":70,"minecraft:blast_furnace":2,"minecraft:chest":5,"minecraft:nether_quartz_ore":125,"minecraft:cobblestone":70,"minecraft:oak_planks":30,"minecraft:sugar_cane":7,"minecraft:bricks":2,"minecraft:wall_torch":16,"minecraft:powered_rail":2,"minecraft:birch_log":5,"minecraft:wheat":117,"minecraft:grass":253,"minecraft:oak_log":601,"minecraft:beetroots":9,"minecraft:oak_fence_gate":2,"minecraft:sand":46,"minecraft:dirt":482,"minecraft:stonecutter":2,"minecraft:netherrack":93,"minecraft:oak_leaves":212,"minecraft:diamond_ore":10,"minecraft:mossy_cobblestone":2,"minecraft:red_mushroom":4,"minecraft:hay_block":9,"minecraft:redstone_ore":9,"minecraft:furnace":1,"minecraft:carrots":565,"minecraft:andesite":91,"minecraft:bell":2,"minecraft:potatoes":19,"minecraft:cobblestone_slab":11,"minecraft:rail":45,"minecraft:stripped_oak_log":3,"minecraft:stone":1579,"minecraft:white_wool":1,"minecraft:oak_slab":107,"minecraft:dandelion":3,"minecraft:oak_fence":125,"minecraft:crafting_table":8,"minecraft:cornflower":2,"minecraft:emerald_ore":2,"minecraft:lapis_ore":7,"minecraft:diorite":200,"minecraft:cobblestone_wall":60,"minecraft:redstone_torch":5,"minecraft:white_carpet":11,"minecraft:birch_leaves":1,"minecraft:white_wall_banner":3,"minecraft:yellow_bed":1,"minecraft:coal_ore":134,"minecraft:gravel":100,"minecraft:cobweb":19,"minecraft:oak_button":2,"minecraft:gold_ore":39},"minecraft:killed_by":{"minecraft:ravager":3,"minecraft:zombie":1},"minecraft:picked_up":{"minecraft:iron_chestplate":4,"minecraft:wheat":19,"minecraft:lead":5,"minecraft:string":39,"minecraft:iron_leggings":4,"minecraft:oak_sign":2,"minecraft:smooth_stone":20,"minecraft:redstone_torch":5,"minecraft:cobblestone_slab":25,"minecraft:iron_pickaxe":1,"minecraft:iron_boots":4,"minecraft:furnace":5,"minecraft:stick":82,"minecraft:composter":5,"minecraft:oak_fence":172,"minecraft:torch":102,"minecraft:porkchop":60,"minecraft:diorite":225,"minecraft:stone_sword":1,"minecraft:rotten_flesh":30,"minecraft:obsidian":16,"minecraft:cobblestone":2469,"minecraft:birch_log":5,"minecraft:enchanting_table":1,"minecraft:feather":4,"minecraft:lilac":1,"minecraft:water_bucket":3,"minecraft:andesite":129,"minecraft:smoker":2,"minecraft:potato":19,"minecraft:flint":9,"minecraft:dirt":977,"minecraft:lapis_lazuli":202,"minecraft:bone":38,"minecraft:stonecutter":2,"minecraft:wheat_seeds":322,"minecraft:bell":2,"minecraft:powered_rail":5,"minecraft:oak_planks":66,"minecraft:cooked_porkchop":23,"minecraft:oak_pressure_plate":4,"minecraft:sand":45,"minecraft:mossy_cobblestone":2,"minecraft:diamond":12,"minecraft:crossbow":3,"minecraft:granite":148,"minecraft:grass":2,"minecraft:bone_meal":7,"minecraft:bread":3,"minecraft:emerald":6,"minecraft:oak_sapling":147,"minecraft:netherrack":92,"minecraft:bricks":2,"minecraft:oak_leaves":55,"minecraft:diamond_pickaxe":3,"minecraft:crafting_table":9,"minecraft:azure_bluet":1,"minecraft:chicken":7,"minecraft:shield":1,"minecraft:cornflower":2,"minecraft:iron_axe":4,"minecraft:white_carpet":19,"minecraft:iron_shovel":1,"minecraft:beef":25,"minecraft:poppy":2,"minecraft:minecart":7,"minecraft:sugar_cane":17,"minecraft:chest":7,"minecraft:carrot":1817,"minecraft:redstone":109,"minecraft:arrow":23,"minecraft:beetroot_seeds":9,"minecraft:peony":2,"minecraft:hay_block":9,"minecraft:saddle":1,"minecraft:gold_ingot":34,"minecraft:mutton":17,"minecraft:white_wool":10,"minecraft:rail":149,"minecraft:oxeye_daisy":1,"minecraft:stripped_oak_log":3,"minecraft:leather":16,"minecraft:red_mushroom":4,"minecraft:oak_log":624,"minecraft:gunpowder":4,"minecraft:yellow_bed":2,"minecraft:cobblestone_wall":54,"minecraft:cobblestone_stairs":3,"minecraft:white_banner":7,"minecraft:cooked_mutton":7,"minecraft:apple":5,"minecraft:iron_ingot":68,"minecraft:oak_fence_gate":5,"minecraft:iron_ore":321,"minecraft:iron_sword":5,"minecraft:oak_slab":104,"minecraft:quartz":121,"minecraft:dandelion":5,"minecraft:gravel":181,"minecraft:lava_bucket":1,"minecraft:blast_furnace":2,"minecraft:white_bed":6,"minecraft:gold_ore":46,"minecraft:spider_eye":5,"minecraft:pumpkin_seeds":7,"minecraft:iron_helmet":4,"minecraft:painting":15,"minecraft:gray_wool":1,"minecraft:oak_button":2,"minecraft:baked_potato":19,"minecraft:melon_seeds":3,"minecraft:coal":288,"minecraft:sunflower":5},"minecraft:custom":{"minecraft:animals_bred":8,"minecraft:interact_with_crafting_table":103,"minecraft:bell_ring":84,"minecraft:leave_game":5,"minecraft:time_since_death":158261,"minecraft:sprint_one_cm":2488188,"minecraft:drop":110,"minecraft:talked_to_villager":6,"minecraft:deaths":4,"minecraft:jump":6658,"minecraft:walk_on_water_one_cm":58023,"minecraft:interact_with_furnace":181,"minecraft:play_one_minute":558210,"minecraft:sleep_in_bed":14,"minecraft:damage_dealt":17118,"minecraft:crouch_one_cm":43625,"minecraft:interact_with_smoker":21,"minecraft:horse_one_cm":22932,"minecraft:mob_kills":108,"minecraft:walk_one_cm":1724115,"minecraft:sneak_time":13614,"minecraft:walk_under_water_one_cm":8997,"minecraft:interact_with_blast_furnace":63,"minecraft:raid_trigger":1,"minecraft:interact_with_stonecutter":18,"minecraft:time_since_rest":0,"minecraft:damage_taken":4840,"minecraft:minecart_one_cm":98540,"minecraft:swim_one_cm":7669,"minecraft:fly_one_cm":1311847,"minecraft:open_chest":688,"minecraft:fall_one_cm":115064},"minecraft:crafted":{"minecraft:smooth_stone":9,"minecraft:oak_planks":1044,"minecraft:cobblestone_slab":24,"minecraft:oak_sign":3,"minecraft:oak_pressure_plate":2,"minecraft:stone":98,"minecraft:cobblestone_stairs":76,"minecraft:bookshelf":1,"minecraft:cooked_mutton":14,"minecraft:quartz_block":30,"minecraft:glass":45,"minecraft:bow":1,"minecraft:iron_boots":1,"minecraft:chest":17,"minecraft:oak_button":2,"minecraft:rail":240,"minecraft:oak_fence":120,"minecraft:white_banner":1,"minecraft:oak_slab":492,"minecraft:cooked_porkchop":23,"minecraft:crafting_table":5,"minecraft:wooden_pickaxe":2,"minecraft:baked_potato":19,"minecraft:iron_helmet":1,"minecraft:birch_planks":20,"minecraft:book":5,"minecraft:iron_chestplate":1,"minecraft:paper":15,"minecraft:diamond_pickaxe":1,"minecraft:stick":236,"minecraft:iron_ingot":300,"minecraft:iron_pickaxe":7,"minecraft:stone_sword":1,"minecraft:gold_ingot":45,"minecraft:redstone_torch":24,"minecraft:wooden_sword":1,"minecraft:oak_door":3,"minecraft:furnace":9,"minecraft:blast_furnace":1,"minecraft:bone_meal":12,"minecraft:white_carpet":9,"minecraft:glass_pane":64,"minecraft:flint_and_steel":1,"minecraft:iron_axe":4,"minecraft:iron_hoe":2,"minecraft:stone_pickaxe":2,"minecraft:cooked_beef":15,"minecraft:red_dye":8,"minecraft:crossbow":1,"minecraft:powered_rail":48,"minecraft:iron_sword":1,"minecraft:bucket":11,"minecraft:red_carpet":8,"minecraft:stone_axe":1,"minecraft:air":0,"minecraft:blue_dye":1,"minecraft:oak_fence_gate":10,"minecraft:iron_shovel":3,"minecraft:iron_leggings":1,"minecraft:torch":36}},"DataVersion":1976}