{"stats":{"minecraft:killed":{"minecraft:cave_spider":4,"minecraft:witch":1,"minecraft:spider":11,"minecraft:phantom":4,"minecraft:horse":3,"minecraft:skeleton":28,"minecraft:chicken":4,"minecraft:pig":10,"minecraft:salmon":1,"minecraft:creeper":3,"minecraft:sheep":16,"minecraft:pillager":14,"minecraft:donkey":1,"minecraft:zombie":29,"minecraft:cow":2},"minecraft:used":{"minecraft:oak_trapdoor":13,"minecraft:oak_fence":185,"minecraft:peony":2,"minecraft:stone_sword":25,"minecraft:iron_shovel":333,"minecraft:chest":7,"minecraft:iron_sword":472,"minecraft:cooked_chicken":4,"minecraft:oak_door":4,"minecraft:torch":411,"minecraft:dirt":87,"minecraft:anvil":1,"minecraft:white_carpet":226,"minecraft:cobblestone_wall":456,"minecraft:carrot":167,"minecraft:granite":14,"minecraft:oak_fence_gate":3,"minecraft:lava_bucket":4,"minecraft:iron_axe":343,"minecraft:oak_stairs":18,"minecraft:bow":22,"minecraft:beef":3,"minecraft:oak_sapling":28,"minecraft:furnace":12,"minecraft:minecart":6,"minecraft:egg":14,"minecraft:potato":2,"minecraft:pumpkin":1,"minecraft:wheat_seeds":194,"minecraft:cooked_mutton":28,"minecraft:water_bucket":62,"minecraft:birch_leaves":1,"minecraft:stone_pickaxe":131,"minecraft:oak_planks":804,"minecraft:wooden_pickaxe":6,"minecraft:oak_leaves":474,"minecraft:white_wool":1,"minecraft:salmon":1,"minecraft:golden_apple":1,"minecraft:crafting_table":10,"minecraft:crossbow":2,"minecraft:painting":36,"minecraft:white_bed":1,"minecraft:shears":638,"minecraft:redstone_torch":7,"minecraft:oak_log":43,"minecraft:cornflower":2,"minecraft:apple":18,"minecraft:sunflower":2,"minecraft:bread":10,"minecraft:iron_pickaxe":2466,"minecraft:oak_pressure_plate":4,"minecraft:lilac":12,"minecraft:stone_axe":135,"minecraft:wooden_sword":26,"minecraft:andesite":1,"minecraft:cobblestone":426,"minecraft:white_banner":3,"minecraft:cooked_porkchop":22,"minecraft:birch_log":17,"minecraft:bucket":68,"minecraft:glass_pane":102,"minecraft:dandelion":1,"minecraft:bone_meal":79},"minecraft:dropped":{"minecraft:iron_ingot":44,"minecraft:bread":1,"minecraft:iron_sword":1,"minecraft:brown_mushroom":7,"minecraft:wheat_seeds":2,"minecraft:cooked_porkchop":5,"minecraft:oak_fence":1,"minecraft:cobblestone":643,"minecraft:rail":107,"minecraft:stick":1,"minecraft:oxeye_daisy":1,"minecraft:grass":1,"minecraft:dirt":43,"minecraft:gray_wool":1,"minecraft:diorite":40,"minecraft:torch":1,"minecraft:sunflower":1,"minecraft:gold_ingot":26,"minecraft:redstone":12,"minecraft:white_carpet":7,"minecraft:carrot":4,"minecraft:pumpkin_seeds":5,"minecraft:gunpowder":1,"minecraft:andesite":45,"minecraft:melon_seeds":4,"minecraft:oak_sapling":10,"minecraft:spider_eye":1,"minecraft:bow":1,"minecraft:powered_rail":3,"minecraft:oak_leaves":55,"minecraft:enchanting_table":1,"minecraft:black_wool":1},"minecraft:broken":{"minecraft:iron_shovel":1,"minecraft:shears":3,"minecraft:stone_pickaxe":1,"minecraft:iron_axe":2,"minecraft:stone_axe":1,"minecraft:iron_sword":1,"minecraft:iron_pickaxe":9,"minecraft:iron_helmet":1},"minecraft:mined":{"minecraft:diamond_ore":4,"minecraft:white_bed":1,"minecraft:oak_sapling":1,"minecraft:granite":97,"minecraft:grass_block":193,"minecraft:oak_pressure_plate":2,"minecraft:spawner":3,"minecraft:redstone_ore":52,"minecraft:oak_trapdoor":5,"minecraft:furnace":6,"minecraft:iron_ore":276,"minecraft:andesite":74,"minecraft:pumpkin":1,"minecraft:azure_bluet":1,"minecraft:rail":45,"minecraft:oak_stairs":3,"minecraft:stone":1622,"minecraft:white_wool":1,"minecraft:redstone_wall_torch":1,"minecraft:brown_mushroom":7,"minecraft:glass_pane":6,"minecraft:dandelion":1,"minecraft:cornflower":2,"minecraft:oak_fence":9,"minecraft:crafting_table":7,"minecraft:torch":43,"minecraft:emerald_ore":4,"minecraft:poppy":8,"minecraft:chest":2,"minecraft:cobblestone":75,"minecraft:lapis_ore":31,"minecraft:sugar_cane":3,"minecraft:oak_planks":60,"minecraft:diorite":74,"minecraft:wall_torch":8,"minecraft:cobblestone_wall":6,"minecraft:birch_log":21,"minecraft:wheat":175,"minecraft:white_carpet":15,"minecraft:birch_leaves":4,"minecraft:grass":188,"minecraft:oak_log":307,"minecraft:coal_ore":186,"minecraft:oak_fence_gate":1,"minecraft:gravel":3,"minecraft:sand":68,"minecraft:dirt":27,"minecraft:cobweb":7,"minecraft:gold_ore":31,"minecraft:oak_leaves":707},"minecraft:killed_by":{"minecraft:skeleton":1},"minecraft:picked_up":{"minecraft:iron_chestplate":1,"minecraft:wheat":160,"minecraft:crafting_table":7,"minecraft:chicken":5,"minecraft:brown_mushroom":7,"minecraft:lead":3,"minecraft:oak_stairs":3,"minecraft:cornflower":2,"minecraft:oak_trapdoor":5,"minecraft:string":34,"minecraft:iron_axe":1,"minecraft:iron_leggings":1,"minecraft:white_carpet":17,"minecraft:beef":4,"minecraft:rose_bush":7,"minecraft:redstone_torch":1,"minecraft:poppy":8,"minecraft:iron_pickaxe":2,"minecraft:light_gray_wool":4,"minecraft:minecart":6,"minecraft:phantom_membrane":1,"minecraft:sugar_cane":8,"minecraft:chest":3,"minecraft:iron_boots":1,"minecraft:furnace":6,"minecraft:egg":14,"minecraft:stick":23,"minecraft:oak_door":2,"minecraft:oak_fence":12,"minecraft:torch":61,"minecraft:porkchop":21,"minecraft:diorite":122,"minecraft:carrot":118,"minecraft:redstone":241,"minecraft:arrow":34,"minecraft:rotten_flesh":23,"minecraft:peony":3,"minecraft:mutton":22,"minecraft:cobblestone":2138,"minecraft:rail":103,"minecraft:white_wool":164,"minecraft:birch_log":18,"minecraft:birch_leaves":1,"minecraft:feather":3,"minecraft:lilac":12,"minecraft:andesite":114,"minecraft:salmon":1,"minecraft:leather":9,"minecraft:brown_wool":3,"minecraft:flint":2,"minecraft:oak_log":329,"minecraft:cobblestone_wall":9,"minecraft:gunpowder":4,"minecraft:lapis_lazuli":194,"minecraft:dirt":268,"minecraft:white_banner":3,"minecraft:bone":29,"minecraft:apple":5,"minecraft:bow":2,"minecraft:wheat_seeds":495,"minecraft:iron_ingot":64,"minecraft:oak_fence_gate":1,"minecraft:iron_ore":274,"minecraft:iron_sword":2,"minecraft:oak_planks":122,"minecraft:cooked_porkchop":6,"minecraft:pumpkin":1,"minecraft:sand":68,"minecraft:oak_pressure_plate":2,"minecraft:dandelion":1,"minecraft:gravel":17,"minecraft:white_bed":1,"minecraft:gold_ore":31,"minecraft:spider_eye":3,"minecraft:diamond":4,"minecraft:crossbow":2,"minecraft:bone_meal":4,"minecraft:iron_helmet":1,"minecraft:granite":97,"minecraft:painting":23,"minecraft:grass":24,"minecraft:gray_wool":2,"minecraft:emerald":4,"minecraft:bread":4,"minecraft:melon_seeds":4,"minecraft:oak_sapling":42,"minecraft:black_wool":1,"minecraft:coal":196,"minecraft:oak_leaves":565,"minecraft:sunflower":3},"minecraft:custom":{"minecraft:mob_kills":132,"minecraft:animals_bred":99,"minecraft:interact_with_crafting_table":85,"minecraft:bell_ring":34,"minecraft:leave_game":3,"minecraft:time_since_death":55679,"minecraft:sprint_one_cm":2144545,"minecraft:walk_one_cm":2350617,"minecraft:damage_blocked_by_shield":2364,"minecraft:drop":132,"minecraft:talked_to_villager":9,"minecraft:deaths":1,"minecraft:sneak_time":6059,"minecraft:walk_under_water_one_cm":8840,"minecraft:jump":7583,"minecraft:interact_with_blast_furnace":4,"minecraft:walk_on_water_one_cm":76524,"minecraft:enchant_item":11,"minecraft:interact_with_furnace":120,"minecraft:traded_with_villager":1,"minecraft:play_one_minute":568725,"minecraft:interact_with_stonecutter":2,"minecraft:sleep_in_bed":14,"minecraft:time_since_rest":41687,"minecraft:damage_taken":5475,"minecraft:damage_absorbed":40,"minecraft:minecart_one_cm":106821,"minecraft:damage_dealt":22390,"minecraft:swim_one_cm":6428,"minecraft:fly_one_cm":1432148,"minecraft:open_chest":184,"minecraft:crouch_one_cm":14582,"minecraft:interact_with_smoker":3,"minecraft:fall_one_cm":112997,"minecraft:horse_one_cm":141462},"minecraft:crafted":{"minecraft:wooden_sword":1,"minecraft:oak_door":3,"minecraft:oak_planks":1265,"minecraft:oak_pressure_plate":4,"minecraft:cooked_chicken":4,"minecraft:furnace":10,"minecraft:bone_meal":78,"minecraft:glass_pane":176,"minecraft:white_carpet":219,"minecraft:cooked_mutton":22,"minecraft:oak_trapdoor":8,"minecraft:glass":68,"minecraft:iron_boots":2,"minecraft:iron_axe":2,"minecraft:stone_pickaxe":1,"minecraft:cobblestone_wall":450,"minecraft:chest":4,"minecraft:oak_fence":174,"minecraft:minecart":1,"minecraft:wheat":81,"minecraft:cooked_porkchop":21,"minecraft:crafting_table":4,"minecraft:enchanting_table":1,"minecraft:wooden_pickaxe":1,"minecraft:iron_helmet":2,"minecraft:iron_sword":6,"minecraft:bucket":2,"minecraft:stone_axe":1,"minecraft:painting":8,"minecraft:air":0,"minecraft:blue_dye":1,"minecraft:oak_fence_gate":2,"minecraft:book":2,"minecraft:iron_chestplate":2,"minecraft:paper":6,"minecraft:oxeye_daisy":1,"minecraft:shield":1,"minecraft:stick":308,"minecraft:iron_ingot":190,"minecraft:iron_pickaxe":10,"minecraft:oak_stairs":20,"minecraft:iron_block":3,"minecraft:stone_sword":1,"minecraft:gold_ingot":24,"minecraft:iron_shovel":1,"minecraft:iron_leggings":2,"minecraft:anvil":1,"minecraft:redstone_torch":20,"minecraft:torch":304,"minecraft:blue_carpet":8,"minecraft:shears":3}},"DataVersion":1976}